loss,time,epochs,config
-0.7200000286102295, 4894.948859675002, 15380, 259
-0.7639999985694885, 4889.625862311001, 15380, 555
-0.7459999918937683, 4927.495667089, 15380, 426