loss,time,epochs,config
-0.746999979019165, 5915.690365813, 13990, 585
-0.746999979019165, 5900.599348939002, 13615, 28
-0.7250000238418579, 5607.871235733, 12223, 598