loss,time,epochs,config
-0.7440000176429749, 6128.814911988002, 14385, 506
-0.7590000033378601, 6066.004733674001, 14137, 561
-0.7730000019073486, 6114.3413131550005, 14389, 440